release_relative_path	original_project_relative_path	bytes	sha256
.git/COMMIT_EDITMSG	staging-package	45	d9e7732ae6272da47da77488f49c2675a6f84e694a5c1d17ffa8e2b42f5b0dc1
.git/config	staging-package	130	05becdb83bb897f6103c8d91439e2e9092144edf5b3955a746fce4975c12bfdc
.git/description	staging-package	73	85ab6c163d43a17ea9cf7788308bca1466f1b0a8d1cc92e26e9bf63da4062aee
.git/HEAD	staging-package	21	28d25bf82af4c0e2b72f50959b2beb859e3e60b9630a5e8c603dad4ddb2b6e80
.git/hooks/applypatch-msg.sample	staging-package	478	0223497a0b8b033aa58a3a521b8629869386cf7ab0e2f101963d328aa62193f7
.git/hooks/commit-msg.sample	staging-package	896	1f74d5e9292979b573ebd59741d46cb93ff391acdd083d340b94370753d92437
.git/hooks/fsmonitor-watchman.sample	staging-package	4726	e0549964e93897b519bd8e333c037e51fff0f88ba13e086a331592bf801fa1d0
.git/hooks/post-update.sample	staging-package	189	81765af2daef323061dcbc5e61fc16481cb74b3bac9ad8a174b186523586f6c5
.git/hooks/pre-applypatch.sample	staging-package	424	e15c5b469ea3e0a695bea6f2c82bcf8e62821074939ddd85b77e0007ff165475
.git/hooks/pre-commit.sample	staging-package	1649	57185b7b9f05239d7ab52db045f5b89eb31348d7b2177eab214f5eb872e1971b
.git/hooks/pre-merge-commit.sample	staging-package	416	d3825a70337940ebbd0a5c072984e13245920cdf8898bd225c8d27a6dfc9cb53
.git/hooks/pre-push.sample	staging-package	1374	ecce9c7e04d3f5dd9d8ada81753dd1d549a9634b26770042b58dda00217d086a
.git/hooks/pre-rebase.sample	staging-package	4898	4febce867790052338076f4e66cc47efb14879d18097d1d61c8261859eaaa7b3
.git/hooks/pre-receive.sample	staging-package	544	a4c3d2b9c7bb3fd8d1441c31bd4ee71a595d66b44fcf49ddb310252320169989
.git/hooks/prepare-commit-msg.sample	staging-package	1492	e9ddcaa4189fddd25ed97fc8c789eca7b6ca16390b2392ae3276f0c8e1aa4619
.git/hooks/push-to-checkout.sample	staging-package	2783	a53d0741798b287c6dd7afa64aee473f305e65d3f49463bb9d7408ec3b12bf5f
.git/hooks/sendemail-validate.sample	staging-package	2308	44ebfc923dc5466bc009602f0ecf067b9c65459abfe8868ddc49b78e6ced7a92
.git/hooks/update.sample	staging-package	3650	8d5f2fa83e103cf08b57eaa67521df9194f45cbdbcb37da52ad586097a14d106
.git/index	staging-package	6282	833133cfedab7e1838a183b91a14a1a85693c1058e4864e89dc370dc60cde639
.git/info/exclude	staging-package	240	6671fe83b7a07c8932ee89164d1f2793b2318058eb8b98dc5c06ee0a5a3b0ec1
.git/logs/HEAD	staging-package	196	ebd94a3c47d295a16b683e0fd71d644e6c2060e6971de512bacf3c35630ef69c
.git/logs/refs/heads/main	staging-package	196	ebd94a3c47d295a16b683e0fd71d644e6c2060e6971de512bacf3c35630ef69c
.git/objects/01/399d6da8562580813868b712c541a203596366	staging-package	539	718bb8648aaaa213e98fa46952a03331043f900a1c367be140a40e1bf8601545
.git/objects/01/704d76c7a9d6957f759ca6a9333ad5fa6b1b52	staging-package	378	7beaa2883850033222a9d528bb3d2ca476a4ecd7290a75ef4897ac93fb25fcdc
.git/objects/04/720ac56b0224ec23f52098d3c560db72dd65b1	staging-package	2625	bd0571b9c15f9dbbb2cb9168c1d8e7352368cf5ed29f23e07b051d29efe8a028
.git/objects/07/97994b1adad0646d47f589e5e6549ec9611ba1	staging-package	390558	064e5453ac755788d445ac7cd791d09e67dac4f83e625aabb7d455f7bb040c21
.git/objects/0b/f66dfeed5052103de135bc11cf4008b4046a82	staging-package	633	e300a6db16d95e71d22ad20fb1f97769c62359f2714088e71fa0b25ace95c115
.git/objects/0f/6197563ceb590a914e6fd4d244749a3edccbe9	staging-package	460	8e4fbb753b212267b405514f79c9b511672494db93d776c6dc2d8ae1ecc42c9c
.git/objects/0f/6f2ba5dd1df32be339750f97d2e9405b7bf12c	staging-package	252	c2b17fc2f1eb2f7ef1e2e17bc4a1347f7b1d325ef6b18e73feacb84e53b7eeec
.git/objects/20/b0f725afdbed3ce46031e1e2dba51a31d917be	staging-package	4342	c79e7e916af4574f8eb41c49051a35dc51c9ec451d4245a39098eb735c820cdf
.git/objects/21/53b7990a37df13db4999f8765cc2f12d078f97	staging-package	1651	2fac7ae2fcd991da471b4bf34cb034643bf46f4a617abfcfba12dacda2bfff38
.git/objects/26/aeb1e804f51e306be4e36a0fb319460f9e4122	staging-package	563	26e296792df49b6b5b43e7e0d9eb8b93a2750f9506e8bd09bfe03e7e3f82d202
.git/objects/2c/a6afee277218f8b0a7118c1bec9755d5f4ae33	staging-package	1772	dbae12e35f867edac50b3f04b70fc3d760b2706e5f94ad6c503d85feed73da69
.git/objects/32/e5aee8cba7d02684ea6e9ab913c7b1d4f7b23b	staging-package	483	2bded1ee675124b2b4f81b68a01083ce1f7bce0f797753172615f9bcecee964d
.git/objects/34/50d90f9850360ecfeb7ea23749bb4e8fb8b60a	staging-package	3857	12aba79d1566057992954ae4c6ba1052c21130c0c7a7d56c658af782ad4a3fae
.git/objects/41/50af7c3f054f89caa63abe928fc67fcb207125	staging-package	3431	19872d151d3ae47b502a72f6447ae06eb3628db60f7c15da2afbbb2c773ebfad
.git/objects/43/7681d00d173a4f6ae18c084e57b56607a5c70e	staging-package	141	7161840ef6b0138a61a4b23b24972cf03dea7d3c09180500422ceb0bd8ebf526
.git/objects/47/752acb5b6d5a150d2e341ccd93bcff4bd35a68	staging-package	380	0e4d83df83976398237cf0958bcc506e191c6539ffb303665ec2e2a35f0d74d7
.git/objects/4a/3cde2dc294c374a36572374e6f7c6c82d04ceb	staging-package	6101	7c18f47361f431bdd8ed42b4a56ae193421d44aef6ef5590b7e26ef85fc15234
.git/objects/50/4f6996de441ed8dc20fa510dc9a9f72d2f035b	staging-package	58884	a3e856530a543e6ddadcbc3e46a2c28635305facc16dc4edb70f44ecc8b9e791
.git/objects/51/b41bf28f7e6b99a0ac3599025473c4f37b26bb	staging-package	214	ae03cb874e8eb47bcdff03f937f82af6fb33997a9d0c4c32bb786a841acaf4b5
.git/objects/55/1349213cd7001be6dcea15327bbd504f7d9bbc	staging-package	1087	54960e7cfcf1ad80f76fec146d582a64955c0f2f61342f366df7aff741090958
.git/objects/59/b41af174ac0a7051ca6669159baec627a1d2a8	staging-package	13285	a8bf031eba81badef440eed845d40d01a30d439f304cb6b910e7a71b0a8e2caf
.git/objects/5d/48ce2e19cae2c0981be655645bb430e224522d	staging-package	794	0021ed6b2bb102d7d9742534de319655d2e760b028847540d1396e984fcbccb7
.git/objects/5e/4a954d4e15d76ae998b9f7117c599cea4bfde4	staging-package	366	8b32eefd893f4ab45fa56a6731397493803be503ce651243cc1e3674b68fdd33
.git/objects/61/cc594174ee00ef20d83106cd371fec71b36318	staging-package	45706	7e77bb85d7f6035ebc574cdbc038b7ee79a8f939fa24a144597cb51a46264987
.git/objects/66/f2571f11364ea178c94f8b849e6aeaf418b176	staging-package	395468	8fbcdb9e4a2e8e0ef1aacf5ccc5c9bf45c762654aa1d45ad4a89fe1095da61ad
.git/objects/68/51727c0255e18bf87b59b1fe38ab0ef804bd22	staging-package	440	71e7b5d36664e9c1294f311ea92a8be34deedd367d44708d571d1eaa8cd59696
.git/objects/6a/6166cd98d241a7159978d2ef5237d6269304e3	staging-package	40828	3fca83f78bdd7637ca35321ec6a3a736fe6682df4252af609544507b9a5d1fed
.git/objects/6b/bdf4229b642d06cecbeb7ef9bfcb59bdd7d2bf	staging-package	688	68d4391fb3da172475780497f6c6bf7a499c25833b726547cca520c0e04a0c21
.git/objects/6c/9a40f748a42561a5a08b38884941f25f5ba9c1	staging-package	2180	e4d8f4a453c6579e0b0247e3f61d558218b96ba65bb1f9020f44d85fe029384f
.git/objects/6c/c4313d0726ca7cf5f5bc16bff0071ef29f888e	staging-package	782	080605ddde04f61dd1ffeadb7a6993e9a6628ae2d3e6ba3ea74054b9c11b7c66
.git/objects/77/e8a847aedc5e1fe5327be7efc0e42fd4e21c2e	staging-package	1894	4babba33f219bc068113087aab942111507b8d31ff62f1abee5e8b202ce21927
.git/objects/7c/652a78e5178ba980e227c3aaf62aa732a11e8f	staging-package	390	7ebd5958843413246fd60eec288b22c4fc6add9df56a3e5f628a90e1d3680ee3
.git/objects/84/d87f8dce94c6a74411e47073e4c099a174f2d7	staging-package	31283	94c00a2e6f82049492ef1bc9ead7ed81ab5a3b6be727926744fa6f107f1e625e
.git/objects/88/dc6e2dd371c124f16bdbcffe4747500ad30d33	staging-package	1280	1a10dee971530ed4af105ddff83b89f7c03888eb0d32c1f0738bd388583076de
.git/objects/8e/659b50406b39bdbe41e011eb005527b94fe4d7	staging-package	5849	aa09b6dca279ac2db4bab7177e73a7c3ed073e830af28647662682a0ccb738d6
.git/objects/90/cbcc340cad2aa24ffdddccbc3033c3cdc9087d	staging-package	176	541c964b2ab0f9967c39d53831326855cb63aa5c8d4f3c2f74145b9d61cb2466
.git/objects/96/4fce61c438af790617b9be644c852f95c3eabb	staging-package	144	430c264860739a0e16fa8c3f78661b69ffd1007ae365cda165008370a81b9800
.git/objects/98/fc6850e7ee3d968ed3c34286cfc04810fbae9c	staging-package	243	dcf7b308a51626415f0c9b3763db50e5b40c15751623effeb19caa54cce46550
.git/objects/a0/1359323c5dcd21b46175fd0bc15f9a4942fd33	staging-package	1259	a8fed85cc998f26065ee40bff670ba34573091de10b9c47f494145363d44c798
.git/objects/a0/3d0ffdef7c139211660972a176c5d873fb3b77	staging-package	790	6f3ae57c4a58b61cddd825673c613a3dd16719af0344323545314bba74406c71
.git/objects/a0/b19b8bf468cb393d7b996ab3a04f68fba651b1	staging-package	2013	2da5bdfd62abcdaedfe2840cf1d8daac9c71bdc3bcbcd7084b8277a870abd762
.git/objects/a4/8e4ab320ae2af3c21577add6ebc626fc93b4e7	staging-package	505	5b7874a77f965d9d9df610a6756c0e58293289e48fcaf09e23c34906b5120ddb
.git/objects/ab/ec92fb509013d741559885cc61c1efdbd14d2a	staging-package	3156	b457f6afcf27a5226fd3c5939f3813ce2127b01a5774676ec2941e1935313d35
.git/objects/b6/6e7d54ab36a067ab5553678de4a2328c823498	staging-package	392	eef2a6fbbce4b06e4ad2b19cae591e2023a655e8320183fba9449c4ce6a6eb97
.git/objects/b7/14544ae1d4bd81dc52c3f50a6470a10f04ced7	staging-package	516	a171db8666fcd6d56d355fd6a9153075cb49bf38208161a73cc60c024f801da9
.git/objects/c2/5a2a728b61795151fbcb5fb8824b6144a97fb2	staging-package	562	f8df1ada8c3ce0489b55078c60a9f4f58ec5e6ca8662204691020ecc4b2ec1ff
.git/objects/c3/de07a8da7ea3ae0eaf1ea5115a3ddba5125656	staging-package	12486	469bb3cb34cfdcf2337463122fcffaf0913bb55c9288070684c84932ead66703
.git/objects/c5/b192b3456cc46414a59aa35b032f327411b77e	staging-package	2414	89ca0c978c837e1e821f61c1351eb45ce3f47fcbd068109dbadb5b5b92819151
.git/objects/c9/99dd658f55f3773b2936da6f26feb37cd15640	staging-package	153	a3d6e6eb273b99b3028c22897528078cb3929fb69f67b5c5b13f658942efcc26
.git/objects/ca/fcd10f7cae939c90dd4b6a79be6d4492564215	staging-package	508	bcde92b955df0dd0ee2e859f8805e8a799c81f6b609d1eabbdf9522ddeb2190e
.git/objects/ce/f058feb57294de610e65824e69961be654a3be	staging-package	75420	8b87538e3a3ad5c669aa46a9f6391abc4db7a1f6783ae45960d23c12ca412c2a
.git/objects/d4/eac704b7a9ece3a934fe60d4006d552de20789	staging-package	490	1ae8585c45179b9201c904709a02147b4dcf35df82d6e96ad7287611c0278f22
.git/objects/d6/3ea49da21bc256f8d9d0b01a43dbcd9bc11952	staging-package	8174	779add69f76a255d6ce7f0a7bae2709923939fae465101016fcd1ecf366aeb2e
.git/objects/db/e7de3bb12e32da8aca85a4e6072ce0e4571edd	staging-package	3607	4a1b83c54519b8c7e85970d027438f06e6e84ecc44403dd473b853f4cda50bb1
.git/objects/de/4a6e7c97f58338e985d7007cd8aee7f46c9d88	staging-package	543	aae3f402491e0e93cfafeab71d992c0971569dfefd5b10a212f8faa6f300f3d4
.git/objects/e5/1713ab665e48d07c1b0baaf0c4da7d9498e12e	staging-package	263	bce9a10b3215e512d32e2e9721d931ef608026590b3c39854aa13cda7f1df7da
.git/objects/e5/8d60388191c16258216bf2b4de98eb2ed793a2	staging-package	359	b73f978ad600e830e60441eab1db7dfeec258260b50f44f5553ec38383530bf9
.git/objects/e8/10261f1228d19aa19d025336f3e743ebd1a84d	staging-package	45706	2f31aa0068110841a1031dbb6e3ea55f2c2d1454ea0aa9c6f537b0623cac5c56
.git/objects/f2/d795ff0bc2cf3a0ee269b8c53ba002c60ba77f	staging-package	1046	4534b232b40a1ef42cb0936242de44ef62bffb86623b3a281b5c5530ab94c6c9
.git/objects/f2/d9a305ba31fae81383696d3dea9e0fd5b43a8f	staging-package	26414	4a0b954b3306b9539f3821eddee4663bc1b108e695aa5e897ca6302ed02e3a58
.git/objects/f3/e0393a7c6b43d9717ec1515beed1786212ec78	staging-package	1481	01974728147b330bbbdbd32dba188947814704728a00eb603ff29956fb2c769a
.git/objects/f9/829fa926a3db53bd1c8ee4412a2d779e2e1f4e	staging-package	1947	357eb925fe0a5602b2331d9dfa05bf9987cb4674abb69f6b81a66c36ebbd73e8
.git/refs/heads/main	staging-package	41	1ebc8a82d2304bf9cb4e26917a45b9dfec456f8c3eb559f808a549dc9b6041b0
.gitignore	staging-package	223	25346a799d77cf18f1bba598423ec0e46d22eadae8876c78009b6fe6a86a5987
CITATION.cff	staging-package	976	6b64a11cd58a1145e302fe096d42534e6541848a58b5b3b490ed4e67029ac6ad
data/CITATION_AND_DATA_SOURCE_VERIFICATION_MANIFEST.tsv	staging-package	7805	aa10ea3186f0ea623a27d9a2072feff313b0be22d675db51219aa193ede8db24
data/legacy_PUBLIC_DATASET_MANIFEST_v0.tsv	staging-package	3667	fd6f23be33774c835745024cf3804081ab11b10dc97dff1e3be72cdad718d887
data/PUBLIC_DATASET_MANIFEST.tsv	staging-package	7805	aa10ea3186f0ea623a27d9a2072feff313b0be22d675db51219aa193ede8db24
documentation/citation_and_source_verification.md	staging-package	4601	bed1a69470a3b591a7853d5492f0f29966574f59a141927322d498d142bcae86
documentation/evidence_chain_matrix.tsv	staging-package	52714	2069a6fc214d84dd2721800fd97a5d4aac3b3c9b0646d75c999427b35fb01f01
documentation/evidence_ledger.md	staging-package	5540	607b271b273bc31c0e55236d032f758d41400a160996be842498ba6a64eb1fbd
documentation/mito3_provenance_and_lock_audit.md	staging-package	8864	4b543324d04d39e739d7f47add4125e3cb8e90d00c9f0099233dfa473ae7321e
documentation/official_prince_public_reproduction_audit_v1.md	staging-package	3579	476d7a0a593eb3ecefab933f1c5ba52a23ff3686e5353f1f7a6fb5b92a261239
documentation/source_url_status.tsv	staging-package	1829	d537f43ac205c214a642288a4dcb6e8924b34a4c1fd8669b1a2d284543cf9a31
documentation/third_party_license_and_checksum_audit.md	staging-package	2514	7c8fd1e7e1461cec3b94d62a60a90b6e7dc4d41380a8d96e21aefd484e1e43a3
environment/python-requirements.lock	staging-package	570	7ca05608575366de6c0a56a3907156ce6df53367c7f659ba5d082a5c7d0caa3e
environment/R-session-lock.txt	staging-package	251	36d5144f8fd820e7e716d81663776433389aca4bfb2e47fe89f8f09e75c44d25
environment/README.md	staging-package	849	05ffc56e62f54e09f0ac15c5b7298833d2bc6d1c5366a24666d2435170b24469
figures/Figure3_external_ICI_audit_v2.pdf	staging-package	80197	94c7fe9468f344b4c00696697f7bca5fcdb6ff73868e186330d93dede1981ce8
figures/Figure4_immune_context_localization.pdf	staging-package	64237	504a146183b24d392f19bd575fedc30b1a6882d3f349c3a29b629f01aef0259b
figures/Figure5_protein_drug_prioritization.pdf	staging-package	56427	36ba0aff26596588fcef9fb962171a66daf412b99facbc0525aabf44cfecc38d
figures/Supplementary_FigureS10_protein_drug_prioritization.pdf	staging-package	56427	36ba0aff26596588fcef9fb962171a66daf412b99facbc0525aabf44cfecc38d
figures/Supplementary_FigureS1_Mito3_frozen_sensitivity.pdf	staging-package	61497	c8755e53e749119be7b7651ca9b7223ef8710532307dc44f6fce6690bcb5d1d4
figures/Supplementary_FigureS2_cohort_mapping_and_evidence_roles.pdf	staging-package	43635	104bbc55f301ad57950d8d027c083f4d42714f0be8c6125bf778c0eb459ae598
figures/Supplementary_FigureS4_GeoMx_coverage_and_roi_limits.pdf	staging-package	36788	0ec0d27d32d62bcc9432a39ea0a437d2105f5b09e980e88eedca5e1e0ca15b42
figures/Supplementary_FigureS9_immune_context_localization.pdf	staging-package	64237	8d7c646f9bd238a69cb01f9f79d482bb1006bbc25393f707d1ad6271502f1dec
LICENSE	staging-package	1321	49c08dea67bd2e4a8ca729b550df8f58b3d3957089c7697970afdf7714bfddf0
README.md	staging-package	4046	4fe997345a13da2f478ead71131767f5fcc59a4af26d7ba1d595c0bb7200c02b
results/GSE240078_module_coverage.tsv	staging-package	563	03ebf38ff892c898a49a88a023dc34ac123f2ab784f6973e74951320530b4836
results/GSE240078_paired_tumor_stroma_tests.tsv	staging-package	814	84219bbc7f0fe004259fed9b1bb4da3fce346f159a9e6507d09aa6d9cc7d7306
results/GSE240078_tumor_stroma_myeloid_association.tsv	staging-package	366	eb6f3c2fceaa412525a4492447524f1c8584a0fc60ca9e7c93ffd4589d5c0ea5
results/GSE248014_locked_Mito3_summary_v1.csv	staging-package	689	615ec65aceea5e2c417eed2cc9785036c7cee3c5383b00d9590dda1338cb83fb
results/PRINCE_corrected_seven_module_screen.tsv	staging-package	1426	8dcfbbafc07272751152c28bf7af83f295dd939401e7663964aacde7c95ed2d0
results/PRINCE_historical_seven_module_screen.tsv	staging-package	1427	82c3b0428ce6ef6b004fd97bb384bf7359ec532e6f063c48ea9a9c8caf443f66
results/PRINCE_official_public_Mito3_primary_statistics.tsv	staging-package	822	da849d00b1126684f43a5f8855b4f8c78bce97e65dc21e4c4a94e97dbd2c2ce4
results/PRINCE_official_source_manifest.tsv	staging-package	742	1574f680b5044c8178b23eb44bdfdf62b2192aa3bf3ce831253345d1c4a557b7
results/PRINCE_official_vs_current_metric_comparison.tsv	staging-package	1309	c5975f76abb227c144d303d9c7b0d814a15273f4c7d173df1633aaf008601723
results/PRISM_complete_state_selectivity.tsv	staging-package	980462	e0dfded9fe6875e7ef8862539ab43d834286fb30b2c629147f4a6299dd23a8d0
results/PRISM_state_selectivity_report.md	staging-package	3628	b1304b70abf8c5f25c17d7305e4a41d9e53ca1eb6f01204b8859ab8ecdc9e85e
results/TCGA_PAAD_RPPA_module_gene_coverage.tsv	staging-package	423	4b76c8303d87fd3dd10a69a8238abf7eac851bd3e0b6b54ed49436cf3dda8484
results/TCGA_PAAD_RPPA_targeted_spearman.tsv	staging-package	4115	0d4840c1dcc494e90a6117a66fd52eb4c471d4567c0f62155e414ca5dd017d50
scripts/build_public_reproducibility_package.py	staging-package	12264	c8bf338524b02a769cb8f89e133d1da6633e2afd1f824ad8b68edd88cdedc8c5
scripts/check_source_urls.py	staging-package	2363	d69c108c9499c4cb637da60680b37e1a7d6bb5afd935993f41adcd7964aaa514
scripts/generate_corrected_figure2.py	staging-package	2505	6518dc9d9403e185eccd13101e8c6adeae93697bb7909a7d61b3aad1c6c916c5
scripts/generate_figure4_mechanism_localization.py	staging-package	17090	bb939f3722586de657e745e9eb7501f1346b6d5186f4d76d2d5c485805ce9c76
scripts/generate_supplementary_table_s1_and_figures_s2_s6.py	staging-package	38445	d5f7abebd67338a9e3fb5fb80e502a83a1edcd002023f9048eed63359d760242
scripts/gse240078_spatial_audit.R	staging-package	6403	57c3a5b3dbdab132df637a1cf5465aae4ddb9ff96f69b2c152f45c94b9ab75e9
scripts/prism_state_selective_drug_screen.py	staging-package	6589	37773bf3f4ca60df05af3ada99e8ea6bf241b114972ef7bdbffa99e346afcadd
scripts/rebuild_prince_from_public_github.py	staging-package	18203	3c6ca54f9d09ca48f9e85042262d3bb27b5235476c24a21311a38f2db3001e16
scripts/regenerate_manifest.py	staging-package	959	6d435031bde85e82d96340b8d53f1016e2392efe671e3cfa8bd40361c8343669
scripts/tcga_paad_rppa_pakt_analysis.py	staging-package	23114	f58afe42400e84e6a96eb4adc94b250c4900e9b55933610e008df71b7ea310b9
submission/ARCHIVAL_DOI_HANDOFF.md	staging-package	1054	69a0e1e8dfc26132f050464cc1c11da5f29f5c0962d56345bd43e9816ec413af
tables/Supplementary_Table_S1_cohort_and_dataset_inventory.tsv	staging-package	3434	11d94f481bccd3f9666eb8e16bb8f8524539d72ce692a840af2c74e0936fe1cd
tables/Supplementary_Table_S4_GeoMx_compartmentalization.tsv	staging-package	1181	a6e59563469aa5a93b51dd5a16ebfca13b2f24d825a0560038d876a09a68f540
tables/Supplementary_Table_S5_TCGA_RPPA_targeted_associations.tsv	staging-package	7163	0f8295fc82e727ead756d760fa188177c912d42c829d86ff5173f45cca348ff3
tables/Supplementary_Table_S6_PRISM_complete_state_selectivity_screen.tsv	staging-package	1171506	f2314a942dc3b4c738407ca0dcc02a6acab00058b733467036303fbc14aab51b
verify_package.py	staging-package	1350	f323f970edfe57bde661457d871fac06f07dd2d77f15943ef0d2e1eebd785448
zenodo.json	staging-package	850	b93907fa8cc6183eaff3e7d61827bc568102b75a092559f694f43feb44179322
