item_id	resource	role_in_manuscript	canonical_source	version_or_identifier	local_evidence_checked	audit_status	audit_date	boundary_or_required_action
D01	PRINCE clinical/RNA subset	Discovery/internal response association	https://github.com/ParkerICI/prince-trial-data; Padrón et al.	DOI:10.1038/s41591-022-01829-9; fixed commit c01cf276b1cef27e61f7349bccfac37c0c1d6ab7	Official archive SHA256 3f7e268858214ef126eeef2b0004ea80ed66864eecd2419471714068fbf2002a; PICI0002_ph2_clinical.csv SHA256 412A4EE252662F1141DBB96EC4CA4FB743E0655F1ACB6CFC3B161C6D5DD1C7A0; NatureMed_GX_ph2_metadata.csv SHA256 3CACCC58CA644DDD7ACE1EB987CBB8B8065D803394F9214462F58E64FB614141	PASS	2026-09-04	Official public release supports the 38-patient discovery and independent reconstruction; source files are linked, not rehosted, because the repository has no explicit repository-level data licence
D02	GSE179351	PDAC directional-sensitivity comparison	https://www.ncbi.nlm.nih.gov/geo/query/acc.cgi?acc=GSE179351	GEO GSE179351; PMID:35122060; DOI:10.1038/s43018-021-00269-7	GSE179351_family.soft.gz and series matrix in incoming_data/ICI_transcriptomic/GSE179351	PASS	2026-08-29	Official record confirms phase-II radiotherapy plus ipilimumab/nivolumab context; six-patient analytic subset remains directional sensitivity only
D03	GSE248014	Frozen PDAC external transportability audit	https://www.ncbi.nlm.nih.gov/geo/query/acc.cgi?acc=GSE248014	GEO GSE248014; PMID:39532835; DOI:10.1038/s41467-024-52528-7	Local baseline-expression/RECIST mapping audit in data/03_results/feasibility	PASS	2026-08-29	Official record confirms 14-day entinostat lead-in followed by entinostat plus nivolumab; 23 mapped baseline patients and three responders are reported as an audit, not validation
D04	GSE78220	Melanoma cross-cancer boundary cohort	https://www.ncbi.nlm.nih.gov/geo/query/acc.cgi?acc=GSE78220	GEO GSE78220; PMID:26997480; DOI:10.1016/j.cell.2016.02.065	GSE78220_family.soft.gz and series matrix in incoming_data/ICI_transcriptomic/GSE78220	PASS	2026-08-29	Use only as a melanoma boundary analysis
D05	GSE91061	Melanoma cross-cancer boundary cohort	https://www.ncbi.nlm.nih.gov/geo/query/acc.cgi?acc=GSE91061	GEO GSE91061; PMID:29033130; DOI:10.1016/j.cell.2017.09.028	GSE91061_family.soft.gz and series matrix in incoming_data/ICI_transcriptomic/GSE91061	PASS	2026-08-29	Use only as a melanoma boundary analysis
D06	GSE154778	PDAC single-cell myeloid-state context	https://www.ncbi.nlm.nih.gov/geo/query/acc.cgi?acc=GSE154778	GEO GSE154778; PMID:32988401; DOI:10.1186/s13073-020-00776-9	GSE154778_dgeMtx.csv.gz; local doublet and sample-mapping outputs	PASS	2026-08-29	Official record confirms ten primary and six metastatic biopsies; analyses are descriptive cell-state context
D07	GSE156405	PDAC single-cell SecAct context	https://www.ncbi.nlm.nih.gov/geo/query/acc.cgi?acc=GSE156405	GEO GSE156405; PMID:34426439; DOI:10.1158/1078-0432.CCR-20-3925	GSE156405_RAW.tar; SecAct run metadata	PASS	2026-08-29	Analytic inputs distinguish tumor-biopsy samples from PBMC and exclude special-format PM samples from the primary SecAct comparison
D08	GSE240078	Paired PDAC tumor/stroma GeoMx context	https://www.ncbi.nlm.nih.gov/geo/query/acc.cgi?acc=GSE240078	GEO GSE240078; PMID:40032924; DOI:10.1038/s41698-025-00848-2	GSE240078 quantile-normalized 223-ROI matrix; family SOFT; local mapping audit	PASS	2026-08-29	GEO contains 242 records while the reconciled analytic matrix contains 223 ROIs from 40 paired patients; release lacks geometric coordinates and cell segmentation
D09	CPTAC-PAAD	Matched RNA/total-protein coherence	https://github.com/cBioPortal/datahub/tree/master/public/paad_cptac_2021	cBioPortal paad_cptac_2021; PMID:34534465; DOI:10.1016/j.cell.2021.08.023	data_mrna_seq_v2_rsem.txt; data_protein_quantification.txt; clinical files	PASS	2026-08-29	cBioPortal metadata confirms 140 PDAC cancers; total protein is not a phosphosite or treatment-response readout
D10	TCGA-PAAD RPPA	Protein-state context	https://github.com/cBioPortal/datahub/tree/master/public/paad_tcga_pan_can_atlas_2018	cBioPortal paad_tcga_pan_can_atlas_2018; sensitivity release paad_tcga	PanCancer RPPA/RNA/clinical files and legacy Firehose RPPA file	PASS	2026-08-29	PanCancer Atlas is primary processing release; Firehose is only a processing sensitivity check, never an independent cohort
D11	DepMap	PDAC dependency context	https://plus.figshare.com/articles/dataset/DepMap_24Q4_Public/27993248	DepMap 24Q4; DOI:10.25452/figshare.plus.27993248.v1	CRISPRGeneDependency.csv MD5 0d3bdadf0c59264e39f7fbadf232ccdb; Model.csv MD5 675210d17675f3517b0ce39a3c274f16	PASS	2026-08-29	Exact local hashes match official Figshare v1; dependency probability is not patient response or target engagement
D12	PRISM	PDAC viability screen	https://figshare.com/articles/dataset/PRISM_Repurposing_19Q3_Primary_Screen/9393293	PRISM Repurposing 19Q3 Primary Screen; DOI:10.6084/m9.figshare.9393293.v4	primary-screen replicate-collapsed log-fold-change MD5 47ee90bbca457ed07c238f1803018033; primary treatment-info MD5 ec1da11ef0710944269cdd783b5bd341; cell-line-info MD5 580b9f0b5118d44f473ffa4efac7e0c2	PASS	2026-08-29	Exact local hashes match official primary-screen files; the local directory name is not used as a release designation; no FDR-supported Mito-state-selective compound is reported
D13	L1000FWD	Exploratory perturbation-signature context	https://maayanlab.cloud/l1000fwd/	CD_signature_metadata.csv; CD_signatures_binary_42809.gmt	Metadata SHA256 B4495715D35F9BC17412C5FFA900D802812B25419ECD6291BE6DD6FA4F38A557; GMT SHA256 8D68F5D26EFF89A74FFC285B88CE7308ECE66A7F883182012E94EEF72B433B0C	PARTIAL	2026-08-29	Local files are complete and hashed, but the project lacks a saved API response/retrieval log containing a source release date; add this or archive the download before submission
S01	SingleCellExperiment	Single-cell data container	https://bioconductor.org/packages/SingleCellExperiment/	SingleCellExperiment 1.28.1; DOI:10.1038/s41592-019-0654-x	R 4.4.3 packageVersion() output	PASS	2026-08-29	Cited for the container/workflow, not a biological claim
S02	scDblFinder	Doublet classification	https://bioconductor.org/packages/scDblFinder/	scDblFinder 1.20.2; DOI:10.12688/f1000research.73600.2	R 4.4.3 packageVersion() output	PASS	2026-08-29	Doublet calls are an analysis filter, not ground-truth labels
S03	umap-learn	Supplementary Figure S7 visualization	https://github.com/lmcinnes/umap	umap-learn 0.5.12; DOI:10.21105/joss.00861	Bundled Python 3.12.13 environment package-version output	PASS	2026-08-29	Used only to display locked PCA coordinates; it did not re-cluster or alter annotation
S04	SecAct	Secreted-protein activity/communication context	https://github.com/data2intelligence/SecAct	SecAct 1.1.0; DOI:10.1038/s41592-026-03172-0	Local DESCRIPTION version 1.1.0; secact_gse154778 and secact_gse156405 run metadata	PASS	2026-08-29	Repository has no tagged release; cite the paper and archive the exact local source tree checksum with supplementary code
S05	UniPert	Exploratory target-space compound prioritization	https://github.com/lynn-1998/UniPert	Pretrained representation model; DOI:10.1101/2025.02.02.635055	current_model/unipert_model.pt SHA256 06B065C2768B440077BDB1488F654B310F67A04C01FCEB9F4791043558BFD322	PARTIAL	2026-08-29	Local archive contains no Git metadata and full G2CP checkpoints were not downloaded; report only UniPert-assisted representation ranking and archive source/model checksum before submission
S06	cBioPortal	TCGA and CPTAC processing portal	https://github.com/cBioPortal/datahub	Studies paad_tcga_pan_can_atlas_2018; paad_tcga; paad_cptac_2021; DOI:10.1126/scisignal.2004088 and DOI:10.1158/2159-8290.CD-12-0095	Official Datahub meta_study records and local downloaded files	PASS	2026-08-29	Portal processing is cited separately from original TCGA/CPTAC source studies
