evidence_domain	dataset	unit	n	events	candidate_or_module	contrast	effect_direction	effect_size	ci_low	ci_high	p_value	fdr	endpoint	supports_chain_component	independent_or_reused	confounder_adjustment	interpretation	limitation	status	responders	nonresponders
spatial_transcriptomics	GSE240078	patient_label	40		TME complement	NAT vs naive, TME compartment	higher_NAT	0.45201212249531			0.0401723152374342		patient-level spatial score	spatial TME remodeling	independent spatial cohort	none; Wilcoxon on patient-level aggregate	Nominal NAT-associated spatial complement difference in the 40-label analysis; not causal and not fully stable to the unknown four-label crosswalk.	GEO exposes 40 anonymized specimen labels, while the paper reports 36 clinical patients; four longitudinal pre-NAT labels cannot be linked to post-NAT labels from public annotation. All 2,380 possible four-label removals should be treated as a sensitivity bound.	sensitivity_limited		
spatial_transcriptomics	GSE240078	patient_label	40		TME myeloid	NAT vs naive, TME compartment	lower_NAT	-0.0048030495955708			0.622384687163504		patient-level spatial score	myeloid ecology	independent spatial cohort	none; Wilcoxon on patient-level aggregate	Supports treatment-associated spatial remodeling only; not a causal test.	GEO exposes 40 anonymized specimen labels, while the paper reports 36 clinical patients; four longitudinal pre-NAT labels cannot be linked to post-NAT labels from public annotation. All 2,380 possible four-label removals should be treated as a sensitivity bound.	usable_with_annotation_caveat		
spatial_transcriptomics	GSE240078	patient_label	40		TME T-cell	NAT vs naive, TME compartment	lower_NAT	-0.199049074024138			0.978172891950091		patient-level spatial score	T-cell ecology	independent spatial cohort	none; Wilcoxon on patient-level aggregate	Supports treatment-associated spatial remodeling only; not a causal test.	GEO exposes 40 anonymized specimen labels, while the paper reports 36 clinical patients; four longitudinal pre-NAT labels cannot be linked to post-NAT labels from public annotation. All 2,380 possible four-label removals should be treated as a sensitivity bound.	usable_with_annotation_caveat		
spatial_transcriptomics	GSE240078	patient_label	40		TME fibroblast	NAT vs naive, TME compartment	lower_NAT	-0.576663389801162			0.285960182973351		patient-level spatial score	CAF/TME remodeling	independent spatial cohort	none; Wilcoxon on patient-level aggregate	Supports treatment-associated spatial remodeling only; not a causal test.	GEO exposes 40 anonymized specimen labels, while the paper reports 36 clinical patients; four longitudinal pre-NAT labels cannot be linked to post-NAT labels from public annotation. All 2,380 possible four-label removals should be treated as a sensitivity bound.	usable_with_annotation_caveat		
spatial_transcriptomics	GSE240078	ROI/AOI	223		Tumor vs TME complement	tumor vs TME	higher_TME	-1.16154639902037			1.66945927568242e-24		ROI-level spatial score	spatial compartment localization	independent spatial cohort	none; ROI-level descriptive contrast	Describes compartment localization, not patient-level inference.	ROI-level tests can overweight patients with more ROIs; patient-level results are primary.	descriptive		
spatial_transcriptomics	GSE240078	ROI/AOI	223		Tumor vs TME myeloid	tumor vs TME	higher_tumor	0.0194369811684663			0.718662401727348		ROI-level spatial score	spatial TME ecology	independent spatial cohort	none; ROI-level descriptive contrast	Describes compartment localization, not patient-level inference.	ROI-level tests can overweight patients with more ROIs; patient-level results are primary.	descriptive		
spatial_transcriptomics	GSE240078	ROI/AOI	223		Tumor vs TME t_cell	tumor vs TME	higher_TME	-0.930556166930089			1.43651234012529e-13		ROI-level spatial score	spatial TME ecology	independent spatial cohort	none; ROI-level descriptive contrast	Describes compartment localization, not patient-level inference.	ROI-level tests can overweight patients with more ROIs; patient-level results are primary.	descriptive		
spatial_transcriptomics	GSE240078	ROI/AOI	223		Tumor vs TME fibroblast	tumor vs TME	higher_TME	-0.887364527793399			3.55868767974171e-22		ROI-level spatial score	spatial TME ecology	independent spatial cohort	none; ROI-level descriptive contrast	Describes compartment localization, not patient-level inference.	ROI-level tests can overweight patients with more ROIs; patient-level results are primary.	descriptive		
bulk_transcriptome_survival	TCGA-PAAD	patient	168	93	innate_inflammatory_context	1-SD increase	lower_risk	0.908639295788466	0.660692803675629	1.2496357842219	0.555675731343873	0.648288353234519	overall survival	innate_inflammatory_context	independent clinical cohort	age + T stage + purity proxy + robust SE	Association after covariate adjustment; not treatment response evidence.	Retrospective cohort; limited sample size and no ICI exposure.	usable		
bulk_transcriptome_survival	TCGA-PAAD	patient	168	93	innate_input	1-SD increase	lower_risk	0.970855736016539	0.723030806818569	1.30362475743407	0.844067586641474	0.844067586641474	overall survival	innate_input	independent clinical cohort	age + T stage + purity proxy + robust SE	Association after covariate adjustment; not treatment response evidence.	Retrospective cohort; limited sample size and no ICI exposure.	usable		
bulk_transcriptome_survival	TCGA-PAAD	patient	168	93	mTORC2_membrane_dynamics	1-SD increase	higher_risk	1.1549561371149	0.784799139327992	1.69970074100944	0.464927633223177	0.648288353234519	overall survival	mTORC2_membrane_dynamics	independent clinical cohort	age + T stage + purity proxy + robust SE	Association after covariate adjustment; not treatment response evidence.	Retrospective cohort; limited sample size and no ICI exposure.	usable		
bulk_transcriptome_survival	TCGA-PAAD	patient	168	93	membrane_cytoskeleton	1-SD increase	higher_risk	1.18973904039129	0.919617058614225	1.53920479287779	0.186096842900448	0.591945965386693	overall survival	membrane_cytoskeleton	independent clinical cohort	age + T stage + purity proxy + robust SE	Association after covariate adjustment; not treatment response evidence.	Retrospective cohort; limited sample size and no ICI exposure.	usable		
bulk_transcriptome_survival	TCGA-PAAD	patient	168	93	mitochondrial_oxidative	1-SD increase	lower_risk	0.927981112671644	0.746624020071356	1.1533903575631	0.500503445010224	0.648288353234519	overall survival	mitochondrial_oxidative	independent clinical cohort	age + T stage + purity proxy + robust SE	Association after covariate adjustment; not treatment response evidence.	Retrospective cohort; limited sample size and no ICI exposure.	usable		
bulk_transcriptome_survival	TCGA-PAAD	patient	168	93	myeloid_ecology	1-SD increase	higher_risk	1.12104022058229	0.932440982163508	1.34778629447114	0.224099476965761	0.591945965386693	overall survival	myeloid_ecology	independent clinical cohort	age + T stage + purity proxy + robust SE	Association after covariate adjustment; not treatment response evidence.	Retrospective cohort; limited sample size and no ICI exposure.	usable		
bulk_transcriptome_survival	TCGA-PAAD	patient	168	93	transcriptomic_purity_proxy	1-SD increase	higher_risk	1.1924024100589	0.88144694464487	1.61305625500478	0.253691128022868	0.591945965386693	overall survival	transcriptomic_purity_proxy	independent clinical cohort	age + T stage + purity proxy + robust SE	Association after covariate adjustment; not treatment response evidence.	Retrospective cohort; limited sample size and no ICI exposure.	usable		
bulk_transcriptome_survival	TCGA-PAAD	patient	168	93	innate_inflammatory_context	1-SD increase	lower_risk	0.821079745188603	0.564415236194796	1.19446093004885	0.302631118088829	0.465391153907783	overall survival	innate_inflammatory_context	independent clinical cohort	age + T stage + purity proxy + robust SE	Association after covariate adjustment; not treatment response evidence.	Retrospective cohort; limited sample size and no ICI exposure.	usable		
bulk_transcriptome_survival	TCGA-PAAD	patient	168	93	innate_input	1-SD increase	lower_risk	0.995137833182424	0.720714050915621	1.37405300447924	0.97637912837938	0.97637912837938	overall survival	innate_input	independent clinical cohort	age + T stage + purity proxy + robust SE	Association after covariate adjustment; not treatment response evidence.	Retrospective cohort; limited sample size and no ICI exposure.	usable		
bulk_transcriptome_survival	TCGA-PAAD	patient	168	93	mTORC2_membrane_dynamics	1-SD increase	higher_risk	1.19370704264441	0.838733476614515	1.69891454602542	0.325451059616806	0.465391153907783	overall survival	mTORC2_membrane_dynamics	independent clinical cohort	age + T stage + purity proxy + robust SE	Association after covariate adjustment; not treatment response evidence.	Retrospective cohort; limited sample size and no ICI exposure.	usable		
bulk_transcriptome_survival	TCGA-PAAD	patient	168	93	membrane_cytoskeleton	1-SD increase	higher_risk	1.13222241280103	0.893201112771445	1.43520599528969	0.304689109875806	0.465391153907783	overall survival	membrane_cytoskeleton	independent clinical cohort	age + T stage + purity proxy + robust SE	Association after covariate adjustment; not treatment response evidence.	Retrospective cohort; limited sample size and no ICI exposure.	usable		
bulk_transcriptome_survival	TCGA-PAAD	patient	168	93	mitochondrial_oxidative	1-SD increase	lower_risk	0.939986794347864	0.766132060175869	1.15329356318223	0.553096352014925	0.645279077350745	overall survival	mitochondrial_oxidative	independent clinical cohort	age + T stage + purity proxy + robust SE	Association after covariate adjustment; not treatment response evidence.	Retrospective cohort; limited sample size and no ICI exposure.	usable		
bulk_transcriptome_survival	TCGA-PAAD	patient	168	93	myeloid_ecology	1-SD increase	higher_risk	1.12447729273146	0.956370399795883	1.32213333049469	0.155605046378582	0.465391153907783	overall survival	myeloid_ecology	independent clinical cohort	age + T stage + purity proxy + robust SE	Association after covariate adjustment; not treatment response evidence.	Retrospective cohort; limited sample size and no ICI exposure.	usable		
bulk_transcriptome_survival	TCGA-PAAD	patient	168	93	transcriptomic_purity_proxy	1-SD increase	higher_risk	1.17563903396526	0.84755768307268	1.6307174907224	0.332422252791273	0.465391153907783	overall survival	transcriptomic_purity_proxy	independent clinical cohort	age + T stage + purity proxy + robust SE	Association after covariate adjustment; not treatment response evidence.	Retrospective cohort; limited sample size and no ICI exposure.	usable		
bulk_transcriptome_survival	GSE62452+GSE85916	patient			innate_inflammatory_context	fixed-effect pooled, 2 cohorts, 1-SD increase	higher_risk	1.01439755533741	0.830980615184748	1.23829892234699	0.888280191621432	0.888280191621432	overall survival	innate_inflammatory_context	independent external GEO meta-analysis	cohort-specific Cox; fixed-effect pooling	External survival direction is strongest for mTORC2 membrane dynamics; mitochondrial signal is borderline.	Heterogeneity I2=    0; no ICI treatment endpoint.	usable		
bulk_transcriptome_survival	GSE62452+GSE85916	patient			innate_input	fixed-effect pooled, 2 cohorts, 1-SD increase	higher_risk	1.13313160814666	0.946897744009392	1.35599355844309	0.172452584588807	0.25867887688321	overall survival	innate_input	independent external GEO meta-analysis	cohort-specific Cox; fixed-effect pooling	External survival direction is strongest for mTORC2 membrane dynamics; mitochondrial signal is borderline.	Heterogeneity I2=    0; no ICI treatment endpoint.	usable		
bulk_transcriptome_survival	GSE62452+GSE85916	patient			mTORC2_membrane_dynamics	fixed-effect pooled, 2 cohorts, 1-SD increase	higher_risk	1.48302221421646	1.1960709050759	1.83881647695454	0.000328286045057588	0.00196971627034553	overall survival	mTORC2_membrane_dynamics	independent external GEO meta-analysis	cohort-specific Cox; fixed-effect pooling	External survival direction is strongest for mTORC2 membrane dynamics; mitochondrial signal is borderline.	Heterogeneity I2=0.5581; no ICI treatment endpoint.	usable		
bulk_transcriptome_survival	GSE62452+GSE85916	patient			membrane_cytoskeleton	fixed-effect pooled, 2 cohorts, 1-SD increase	higher_risk	1.21025204230317	0.992040109580659	1.47646248549177	0.0599425043404054	0.119885008680811	overall survival	membrane_cytoskeleton	independent external GEO meta-analysis	cohort-specific Cox; fixed-effect pooling	External survival direction is strongest for mTORC2 membrane dynamics; mitochondrial signal is borderline.	Heterogeneity I2=    0; no ICI treatment endpoint.	usable		
bulk_transcriptome_survival	GSE62452+GSE85916	patient			mitochondrial_oxidative	fixed-effect pooled, 2 cohorts, 1-SD increase	higher_risk	1.23441450320033	0.99641698434259	1.52925852294324	0.0539605346273118	0.119885008680811	overall survival	mitochondrial_oxidative	independent external GEO meta-analysis	cohort-specific Cox; fixed-effect pooling	External survival direction is strongest for mTORC2 membrane dynamics; mitochondrial signal is borderline.	Heterogeneity I2=0.1928; no ICI treatment endpoint.	usable		
bulk_transcriptome_survival	GSE62452+GSE85916	patient			myeloid_ecology	fixed-effect pooled, 2 cohorts, 1-SD increase	higher_risk	1.02017793545932	0.842237162376598	1.23571253619496	0.838132477080311	0.888280191621432	overall survival	myeloid_ecology	independent external GEO meta-analysis	cohort-specific Cox; fixed-effect pooling	External survival direction is strongest for mTORC2 membrane dynamics; mitochondrial signal is borderline.	Heterogeneity I2=0.7259; no ICI treatment endpoint.	usable		
proteomics	CPTAC-PAAD (cBioPortal)	sample	140		RICTOR protein	primary tumor vs adjacent normal	lower_tumor	-0.0478000000000023			0.259705137110068	0.515546332655975	protein abundance	tumor mechanism protein support	independent CPTAC proteomics	none; tumor-normal Wilcoxon	Orthogonal protein-layer check; C3 is nominally lower in tumor but not FDR-significant.	Adjacent normal is not a matched normal for every patient; platform/protein coverage differs.	exploratory		
proteomics	CPTAC-PAAD (cBioPortal)	sample	140		C3 protein	primary tumor vs adjacent normal	lower_tumor	-0.186900000000001			0.0337804227763753	0.474350015267742	protein abundance	complement protein support	independent CPTAC proteomics	none; tumor-normal Wilcoxon	Orthogonal protein-layer check; C3 is nominally lower in tumor but not FDR-significant.	Adjacent normal is not a matched normal for every patient; platform/protein coverage differs.	exploratory		
proteomics	CPTAC-PAAD (cBioPortal)	sample	140		C7 protein	primary tumor vs adjacent normal	higher_tumor	0.0788999999999973			0.363915058345394	0.515546332655975	protein abundance	complement protein support	independent CPTAC proteomics	none; tumor-normal Wilcoxon	Orthogonal protein-layer check; C3 is nominally lower in tumor but not FDR-significant.	Adjacent normal is not a matched normal for every patient; platform/protein coverage differs.	exploratory		
proteomics	CPTAC-PAAD (cBioPortal)	sample	140		ROCK2 protein	primary tumor vs adjacent normal	higher_tumor	0.050849999999997			0.163241661438593	0.515546332655975	protein abundance	tumor mechanism protein support	independent CPTAC proteomics	none; tumor-normal Wilcoxon	Orthogonal protein-layer check; C3 is nominally lower in tumor but not FDR-significant.	Adjacent normal is not a matched normal for every patient; platform/protein coverage differs.	exploratory		
proteomics	CPTAC-PAAD (cBioPortal)	sample	120		BAK1 protein	primary tumor vs adjacent normal	lower_tumor	-0.1326			0.0776454094529511	0.474350015267742	protein abundance	tumor mechanism protein support	independent CPTAC proteomics	none; tumor-normal Wilcoxon	Orthogonal protein-layer check; C3 is nominally lower in tumor but not FDR-significant.	Adjacent normal is not a matched normal for every patient; platform/protein coverage differs.	exploratory		
proteomics	CPTAC-PAAD (cBioPortal)	sample	140		PPIF protein	primary tumor vs adjacent normal	higher_tumor	0.15795			0.303485477946818	0.515546332655975	protein abundance	tumor mechanism protein support	independent CPTAC proteomics	none; tumor-normal Wilcoxon	Orthogonal protein-layer check; C3 is nominally lower in tumor but not FDR-significant.	Adjacent normal is not a matched normal for every patient; platform/protein coverage differs.	exploratory		
proteomics_survival	CPTAC-PAAD (cBioPortal)	patient	63	34	RICTOR protein	1-SD increase	higher_risk	1.39176161251802	0.968740731826299	1.99950339904369	0.0737482242452868	0.768153537062636	overall survival	protein-level survival support	independent CPTAC proteomics	age-adjusted Cox	Directionally supportive only when nominal; no FDR-significant protein OS result.	Small effective sample and no ICI endpoint.	exploratory		
proteomics_survival	CPTAC-PAAD (cBioPortal)	patient	52	29	BAK1 protein	1-SD increase	higher_risk	1.43975008064368	0.909034345269506	2.28031020554995	0.120312701947256	0.768153537062636	overall survival	protein-level survival support	independent CPTAC proteomics	age-adjusted Cox	Directionally supportive only when nominal; no FDR-significant protein OS result.	Small effective sample and no ICI endpoint.	exploratory		
phosphoproteomics	CPTAC-PAAD (cBioPortal)	phosphosite	77		RPS6KB1 S404	primary tumor vs adjacent normal	lower_tumor	-1.011285325			0.000208633731110352	0.00897125043774513	phosphosite abundance	mTOR downstream phosphorylation	independent CPTAC phosphoproteomics	none; tumor-normal Wilcoxon	Most consistent phosphosite-level signal in the current audit.	Phosphosite abundance is not identical to pathway activity; FDR must be respected.	FDR_supported		
phosphoproteomics	CPTAC-PAAD (cBioPortal)	phosphosite	140		RPS6KB1 T421	primary tumor vs adjacent normal	lower_tumor	-0.445575659999999			1.02839427528443e-06	8.8441907674461e-05	phosphosite abundance	mTOR downstream phosphorylation	independent CPTAC phosphoproteomics	none; tumor-normal Wilcoxon	Most consistent phosphosite-level signal in the current audit.	Phosphosite abundance is not identical to pathway activity; FDR must be respected.	FDR_supported		
phosphoproteomics	CPTAC-PAAD (cBioPortal)	phosphosite	85		C7 S331	primary tumor vs adjacent normal	higher_tumor	0.579298025			0.00951627130531614	0.204599833064297	phosphosite abundance	complement/cytoskeleton phosphorylation	independent CPTAC phosphoproteomics	none; tumor-normal Wilcoxon	Nominal or exploratory phosphosite signal.	Phosphosite abundance is not identical to pathway activity; FDR must be respected.	exploratory		
phosphoproteomics	CPTAC-PAAD (cBioPortal)	phosphosite	16		C7 S768	primary tumor vs adjacent normal	higher_tumor	0.951229440000002			0.018129007864972	0.311818935277518	phosphosite abundance	complement/cytoskeleton phosphorylation	independent CPTAC phosphoproteomics	none; tumor-normal Wilcoxon	Nominal or exploratory phosphosite signal.	Phosphosite abundance is not identical to pathway activity; FDR must be respected.	exploratory		
phosphoproteomics	CPTAC-PAAD (cBioPortal)	phosphosite	93		ROCK2 S1288	primary tumor vs adjacent normal	lower_tumor	-0.712170165			0.00283288273385369	0.0812093050371392	phosphosite abundance	complement/cytoskeleton phosphorylation	independent CPTAC phosphoproteomics	none; tumor-normal Wilcoxon	Nominal or exploratory phosphosite signal.	Phosphosite abundance is not identical to pathway activity; FDR must be respected.	exploratory		
phosphoproteomics_survival	CPTAC-PAAD (cBioPortal)	patient	63	34	RICTOR phosphosite aggregate	1-SD increase	higher_risk	1.38211265253731	0.995706807878302	1.9184717521156	0.0530826215843154	0.315403366187382	overall survival	signaling survival support	independent CPTAC phosphoproteomics	age-adjusted Cox	Exploratory OS association; RICTOR is borderline nominal only.	Aggregate phosphosite score is not a direct kinase activity assay.	exploratory		
phosphoproteomics_survival	CPTAC-PAAD (cBioPortal)	patient	41	22	MTOR phosphosite aggregate	1-SD increase	lower_risk	0.658907938855749	0.424395611816513	1.02300697697798	0.0630806732374763	0.315403366187382	overall survival	signaling survival support	independent CPTAC phosphoproteomics	age-adjusted Cox	Exploratory OS association; RICTOR is borderline nominal only.	Aggregate phosphosite score is not a direct kinase activity assay.	exploratory		
phosphoproteomics_survival	CPTAC-PAAD (cBioPortal)	patient	63	34	ROCK2 phosphosite aggregate	1-SD increase	higher_risk	1.20062201753414	0.842689240857656	1.71058696266332	0.311383278947157	0.778458197367892	overall survival	signaling survival support	independent CPTAC phosphoproteomics	age-adjusted Cox	Exploratory OS association; RICTOR is borderline nominal only.	Aggregate phosphosite score is not a direct kinase activity assay.	exploratory		
single_cell_mechanism	GSE154778	cell-type contrast			NK→CCL5→Dendritic	SecAct sender expression + receiver activity	positive_signal	48.8857496506497			5.65728272053846e-09	1.03971682431518e-08	cell-cell communication activity	tumor–myeloid/TME signaling	independent single-cell cohort	prespecified SecAct candidate audit	Mechanistic support for a signaling route, not clinical response or causality.	Expression/activity inference and cohort-specific cell composition; no ICI treatment endpoint.	mechanistic_support		
single_cell_mechanism	GSE156405	cell-type contrast			Tumor→MDK→T	SecAct sender expression + receiver activity	positive_signal	5.52992669029824			2.66498804490042e-76	1.35056173800886e-75	cell-cell communication activity	tumor–myeloid/TME signaling	independent single-cell cohort	prespecified SecAct candidate audit	Mechanistic support for a signaling route, not clinical response or causality.	Expression/activity inference and cohort-specific cell composition; no ICI treatment endpoint.	mechanistic_support		
single_cell_mechanism	GSE156405	cell-type contrast			T→CCL5→Dendritic	SecAct sender expression + receiver activity	positive_signal	12.8022431842814			1.19284753741039e-62	5.48709867208779e-62	cell-cell communication activity	tumor–myeloid/TME signaling	independent single-cell cohort	prespecified SecAct candidate audit	Mechanistic support for a signaling route, not clinical response or causality.	Expression/activity inference and cohort-specific cell composition; no ICI treatment endpoint.	mechanistic_support		
single_cell_mechanism	GSE156405	cell-type contrast			T→CCL5→Monocyte	SecAct sender expression + receiver activity	positive_signal	7.7654861085138			5.89963450083677e-62	2.67271320568211e-61	cell-cell communication activity	tumor–myeloid/TME signaling	independent single-cell cohort	prespecified SecAct candidate audit	Mechanistic support for a signaling route, not clinical response or causality.	Expression/activity inference and cohort-specific cell composition; no ICI treatment endpoint.	mechanistic_support		
single_cell_mechanism	GSE156405	cell-type contrast			CAF→SPARC→T	SecAct sender expression + receiver activity	positive_signal	10.0027119420743			1.82353548369577e-10	3.81284692045478e-10	cell-cell communication activity	tumor–myeloid/TME signaling	independent single-cell cohort	prespecified SecAct candidate audit	Mechanistic support for a signaling route, not clinical response or causality.	Expression/activity inference and cohort-specific cell composition; no ICI treatment endpoint.	mechanistic_support		
single_cell_mechanism	GSE156405	cell-type contrast			CAF→SPARC→B	SecAct sender expression + receiver activity	positive_signal	6.72388648384245			1.82353548369577e-10	3.81284692045478e-10	cell-cell communication activity	tumor–myeloid/TME signaling	independent single-cell cohort	prespecified SecAct candidate audit	Mechanistic support for a signaling route, not clinical response or causality.	Expression/activity inference and cohort-specific cell composition; no ICI treatment endpoint.	mechanistic_support		
single_cell_mechanism	GSE156405	cell-type contrast			CAF→SPARC→Monocyte	SecAct sender expression + receiver activity	positive_signal	10.0259292019839			1.82353548369577e-10	3.81284692045478e-10	cell-cell communication activity	tumor–myeloid/TME signaling	independent single-cell cohort	prespecified SecAct candidate audit	Mechanistic support for a signaling route, not clinical response or causality.	Expression/activity inference and cohort-specific cell composition; no ICI treatment endpoint.	mechanistic_support		
single_cell_mechanism	GSE156405	cell-type contrast			CAF→SPARC→Macrophage	SecAct sender expression + receiver activity	positive_signal	4.79518079119423			1.02072579564684e-09	2.09039049930415e-09	cell-cell communication activity	tumor–myeloid/TME signaling	independent single-cell cohort	prespecified SecAct candidate audit	Mechanistic support for a signaling route, not clinical response or causality.	Expression/activity inference and cohort-specific cell composition; no ICI treatment endpoint.	mechanistic_support		
single_cell_mechanism	GSE156405	cell-type contrast			Monocyte→LY86→Dendritic	SecAct sender expression + receiver activity	positive_signal	3.01905101644931			3.18227422667255e-08	5.17119561834289e-08	cell-cell communication activity	tumor–myeloid/TME signaling	independent single-cell cohort	prespecified SecAct candidate audit	Mechanistic support for a signaling route, not clinical response or causality.	Expression/activity inference and cohort-specific cell composition; no ICI treatment endpoint.	mechanistic_support		
single_cell_mechanism	GSE156405	cell-type contrast			CAF→MDK→T	SecAct sender expression + receiver activity	positive_signal	11.6918389409515			4.54387063686552e-06	4.88711266339134e-06	cell-cell communication activity	tumor–myeloid/TME signaling	independent single-cell cohort	prespecified SecAct candidate audit	Mechanistic support for a signaling route, not clinical response or causality.	Expression/activity inference and cohort-specific cell composition; no ICI treatment endpoint.	mechanistic_support		
single_cell_mechanism	GSE156405	cell-type contrast			Endothelial→MDK→T	SecAct sender expression + receiver activity	positive_signal	15.255175516748			4.68531277306662e-06	5.02117748798179e-06	cell-cell communication activity	tumor–myeloid/TME signaling	independent single-cell cohort	prespecified SecAct candidate audit	Mechanistic support for a signaling route, not clinical response or causality.	Expression/activity inference and cohort-specific cell composition; no ICI treatment endpoint.	mechanistic_support		
ICI_external	GSE277116 / NCT02451982	patient	10	6	PDAC neoadjuvant immunotherapy response cohort	pathologic responder vs non-responder	no_stable_global_signal						patient-level IMC protein marker response	ICI relevance	independent clinical trial cohort	patient-level FCS aggregation; treatment arm, tissue structure, and ROI location retained	Completed 23-ROI IMC processing across 45 protein channels and prespecified phenotype proxies; no feature remained FDR<0.05. CD138 showed nominal p=0.031 but BH FDR=0.922.	n=10 (6/4), IMC is a protein/spatial assay rather than a transcriptomic mitoxyperilysis score; thresholds are exploratory and no causal treatment effect is inferred.	sensitivity_limited	6	4
ICI_external	GSE179351_PDAC	pretreatment_patient	6		innate_inflammatory_context	responder vs nonresponder	higher_in_responder	1.29871084707012			0.662520583540057	1	module score	ICI response relevance	independent GEO cohort	none; exploratory Wilcoxon	RNA module association with treatment response; not pathway activation or causality.	Only six explicitly mapped PDAC pretreatment samples; no module survives multiple testing.	sensitivity_limited	3	3
ICI_external	GSE78220	pretreatment_patient	27		mitochondrial_oxidative	responder vs nonresponder	higher_in_responder	0.0380960967515826			0.86439477984566	0.86439477984566	module score	ICI response relevance	independent GEO cohort	none; exploratory Wilcoxon	RNA module association with treatment response; not pathway activation or causality.	Melanoma pembrolizumab cohort; cross-cancer context and no PDAC-specific inference.	negative_external	15	12
ICI_external	GSE91061	pretreatment_patient	51		innate_inflammatory_context	responder vs nonresponder	higher_in_responder	0.821936007052287			0.0360656044114432	0.252459230880102	module score	ICI response relevance	independent GEO cohort	none; exploratory Wilcoxon	RNA module association with treatment response; not pathway activation or causality.	Pre-treatment subset; inflammatory context nominal p<0.05 but FDR is non-significant.	nominal_only	10	39
ICI_external	GSE115821	pretreatment_patient	7		innate_input	responder vs nonresponder							module score	ICI response relevance	independent GEO cohort	none; exploratory Wilcoxon	RNA module association with treatment response; not pathway activation or causality.	Only seven expression/metadata-overlap pretreatment samples and one responder; underpowered.	sensitivity_limited	1	6
phosphoproteomics	CPTAC-PAAD	paired_sample	140		RICTOR-AKT1-RPS6KB1 site chain	direct site availability and concordance	no_direct_pAKT_S473						phosphosite inventory/correlation	mTOR downstream mechanism	independent CPTAC	paired correlations; no ICI endpoint	AKT1-S473 is absent; RPS6KB1 sites do not correlate with RICTOR protein.	T308-RICTOR inverse correlation is not a valid S473 surrogate.	negative_direct_chain		
spatial_transcriptomics	GSE240078	patient_paired_tumor_stroma	40		tumor innate_input vs stromal myeloid_ecology	same-patient compartment coupling	inverse_coupling	-0.470731707317073			0.00217318567546537	0.00869274270186148	Spearman correlation	tumor-myeloid spatial proxy	independent spatial cohort	patient-level paired proxy; no coordinates	Supports co-occurrence coupling but not geometric adjacency or cell-cell contact.	No ROI coordinates/cell segmentation; 36 vs 40 label discrepancy.	spatial_proxy_support		
spatial_transcriptomics	GSE240078	patient_paired_tumor_stroma	40		tumor mitochondrial_oxidative	tumor vs stroma	higher_tumor	0.570275018326029			0.000486617772014081	0.000729926658021121	paired Wilcoxon	spatial compartment localization	independent spatial cohort	patient-level paired test; no ICI endpoint	Tumor enrichment is consistent with compartmental localization.	Spatial module coverage is 1/4 genes; not a complete pathway readout.	spatial_support		
RPPA_proteomics	TCGA-PAAD PanCancer Atlas RPPA	sample	122		Akt_pS473 RPPA site	site availability	direct_site_present	122/122					RPPA antibody feature	AKT-S473 direct measurement	independent TCGA RPPA cohort	none; Spearman correlation on RPPA abundance	Direct `Akt_pS473` feature is present in every RPPA sample.	Antibody recognizes AKT1/2/3 together; TCGA is untreated and not an ICI response cohort.	direct_site_support		
RPPA_proteomics	TCGA-PAAD PanCancer Atlas RPPA	sample	122		Akt_pS473 vs Rictor_total	same-sample RPPA abundance	positive	rho=0.220			0.01505769231992051	0.02509537624292065	Spearman correlation	mTORC2 upstream coherence	independent TCGA RPPA cohort	none; Spearman correlation on RPPA abundance	Akt-pS473 has a weak positive association with total Rictor, consistent with but not proving mTORC2 coupling.	Rictor abundance is not Rictor complex activity; no treatment or perturbation.	weak_mechanistic_support		
RPPA_proteomics	TCGA-PAAD PanCancer Atlas RPPA	sample	122		Akt_pS473 vs p70S6K_pT389	same-sample RPPA abundance	positive	rho=0.180			0.04783910483949904	0.06944386186378892	Spearman correlation	downstream S6K coherence	independent TCGA RPPA cohort	none; Spearman correlation on RPPA abundance	The positive association with p70S6K-pT389 is nominal but does not survive FDR correction.	p70S6K-T389 is not a direct AKT substrate readout and assay feedback may decouple nodes.	nominal_only		
RPPA_proteomics	TCGA-PAAD PanCancer Atlas RPPA	sample	122		Akt_pS473 vs mTOR_pS2448	same-sample RPPA abundance	positive	rho=0.626			1.2875279847987417e-14	1.537140592496716e-13	Spearman correlation	mTOR pathway coherence	independent TCGA RPPA cohort	none; Spearman correlation on RPPA abundance	Strong positive association with mTOR-pS2448 supports shared mTOR-pathway state, not mTORC2 specificity.	mTOR-S2448 is not specific for mTORC2 and cannot replace RICTOR functional evidence.	mechanistic_support		
RPPA_proteomics	TCGA-PAAD PanCancer Atlas RPPA	sample	122		Akt_pS473 cross-release replication	PanCancer Atlas vs Firehose Legacy RPPA	replicated	overlap=122					processing-release sensitivity	reproducible AKT-S473 pathway-state support	independent TCGA RPPA cohort	none; Spearman correlation on RPPA abundance	The direct pS473 feature is present in both TCGA RPPA processing releases, with positive Rictor/p70S6K associations in both.	The releases reuse the same underlying TCGA patients and are not independent cohorts; effect sizes vary by processing release.	replication_support		
RPPA_proteomics	TCGA-PAAD PanCancer Atlas RPPA	sample	122		Rictor_total -> Akt_pS473 partial	adjusted for total proteins	positive	partial_rho=0.185			0.04338073358150437	0.08676146716300874	partial Spearman correlation	conditional pathway coherence	independent TCGA RPPA cohort	none; Spearman correlation on RPPA abundance	Conditional association after total-protein adjustment; supportive but observational.	No measured tumor purity, no ICI endpoint, and partial correlations do not establish directionality.	conditional_nominal		
RPPA_proteomics	TCGA-PAAD PanCancer Atlas RPPA	sample	122		Akt_pS473 -> p70S6K_pT389 partial	adjusted for total proteins	positive	partial_rho=0.249			0.006193422478014488	0.02477368991205795	partial Spearman correlation	conditional pathway coherence	independent TCGA RPPA cohort	none; Spearman correlation on RPPA abundance	Conditional association after total-protein adjustment; supportive but observational.	No measured tumor purity, no ICI endpoint, and partial correlations do not establish directionality.	conditional_support		
RPPA_proteomics	TCGA-PAAD PanCancer Atlas RPPA	sample	122		Rictor_total -> p70S6K_pT389 partial	adjusted for total proteins	positive	partial_rho=0.030			0.7409618805918265	0.7409618805918265	partial Spearman correlation	conditional pathway coherence	independent TCGA RPPA cohort	none; Spearman correlation on RPPA abundance	Conditional association after total-protein adjustment; supportive but observational.	No measured tumor purity, no ICI endpoint, and partial correlations do not establish directionality.	conditional_nominal		
RPPA_proteomics	TCGA-PAAD PanCancer Atlas RPPA	sample	122		Rictor_pT1135 -> Akt_pS473 partial	adjusted for total proteins	positive	partial_rho=0.152			0.09848193883301132	0.13130925177734842	partial Spearman correlation	conditional pathway coherence	independent TCGA RPPA cohort	none; Spearman correlation on RPPA abundance	Conditional association after total-protein adjustment; supportive but observational.	No measured tumor purity, no ICI endpoint, and partial correlations do not establish directionality.	conditional_nominal		
literature_protein	Massihnia 2017 / PMID 28061880	patient	100		phospho-Akt IHC EP2109Y	high vs lower phospho-Akt	worse_OS_PFS	TMA clinical association					OS/PFS	orthogonal PDAC pAKT protein support	independent published cohort	see next-stage audit report	Independent PDAC TMA reports worse OS/PFS in the highest phospho-Akt group.	Retrospective single-center TMA; no ICI endpoint; no downloadable sample matrix; antibody/cutoff not numerically pooled with RPPA.	orthogonal_protein_support		
functional_in_silico	DepMap 24Q4	PDAC_cell_line	41		RICTOR dependency	CRISPR dependency probability	moderate_heterogeneous	median=0.459; fraction>=0.5=0.415					Chronos dependency probability	tumor-cell RICTOR vulnerability	existing project data	see next-stage audit report	RICTOR is moderately and heterogeneously dependent across PDAC models.	Cell-line genetic dependency is not protein activation, ICI response, or causal patient evidence.	translational_auxiliary		
functional_in_silico	PRISM 19Q4	PDAC_cell_line	37		BGT226 (mTOR/PI3K class)	compound sensitivity	growth_inhibition	median_LFC=-4.268					log-fold-change	pharmacologic mTOR/PI3K support	existing project data	see next-stage audit report	Top mTOR/PI3K-class compound shows strong PDAC growth inhibition.	Compound is not RICTOR-specific and does not establish mitoxyperilysis or ICI synergy.	translational_auxiliary		
single_cell_communication	GSE154778 + GSE156405	patient_sender_proxy	24		prespecified SecAct sender robustness	sender expression across patients	see_output_table	11 candidate links					patient-level sender expression	tumor–myeloid/TME signaling	existing project data	see next-stage audit report	Prespecified SecAct links have patient-level sender-expression robustness summaries.	Receiver activity remains condition-level; no patient-level causal communication or ICI endpoint.	communication_proxy_support		
single_cell_myeloid	GSE154778 harmonized	patient_subcluster	56		C1Q/APOE–SPP1/IL1B–FCN1/S100A8 states	myeloid state annotation	state_heterogeneity	see_output_table					patient-level subcluster scores	myeloid ecological interpretation	existing project data	see next-stage audit report	Separates macrophage-like, inflammatory and monocyte-like ecological states.	State scores do not measure pAKT activation or temporal lineage transition.	myeloid_context_support		
integrated_stratification	TCGA-PAAD RPPA + RNA	patient	115	63	pAKT-S473 × myeloid_ecology state	continuous interaction	no_interaction	partial_Cox_interaction			0.5323000085911269	0.5323000085911269	OS	integrated patient stratification	existing project TCGA data	median split and continuous Cox; exploratory	No robust OS interaction between pAKT-S473 and myeloid ecology.	No ICI treatment labels; median splits are not clinical cutoffs; observational analysis.	negative_breakthrough_screen		
integrated_stratification	TCGA-PAAD RPPA + RNA	patient	115	63	pAKT-high vs mitochondrial_oxidative	median split	lower_mito_in_pAKT_high	Mann-Whitney			0.0254	0.0382	module score	discordant protein/RNA state	existing project TCGA data	none; prespecified median split	pAKT abundance does not behave as a direct surrogate for the mitochondrial oxidative RNA module.	RNA module is a proxy and not a functional death assay.	discordant_state		
functional_in_silico	DepMap 24Q4 expression+dependency	PDAC_cell_line	40		RICTOR dependency vs RNA modules	cell-line Spearman correlations	no_FDR_signal	max_abs_rho=0.281			0.079	0.473	dependency probability	tumor-cell functional coupling	existing project DepMap data	none; exploratory module correlations	No robust association between prespecified RNA modules and RICTOR dependency was observed.	Cell-line in vitro assay; no patient treatment or ICI endpoint.	negative_auxiliary		
functional_in_silico	PRISM 19Q4 expression+drug	PDAC_cell_line	32		TGX-221 vs innate_input	module-sensitivity correlation	higher_innate_less_sensitive	rho=0.703; median_LFC=-0.115			7.096913358513646e-06	0.002483919675479776	PRISM log-fold-change	candidate pharmacologic stratification	existing project PRISM data	none; exploratory cell-line correlation	Only one prespecified module–compound association passed FDR; the absolute inhibition signal was modest.	TGX-221 is PI3Kβ-selective rather than RICTOR-specific; no patient or ICI validation.	exploratory_drug_signal		
ICI_response	PRINCE_Padron2022	patient	38		death_pathway_exclusion	nivolumab-treated responder vs nonresponder	lower_in_responders	delta_median=-0.521003; adjusted_OR_per_1SD=0.424093; LOOCV_AUC=0.616667	0.195508	0.919937	0.0186007	0.0651023	best overall response	PDAC ICI response association	independent treatment-labelled PDAC cohort	arm-adjusted logistic; arm-stratified permutation sensitivity	Prespecified module-response association in PRINCE nivolumab-treated patients.	Small cohort; regimen-specific, observational association; no independent PDAC RNA replication; not a validated clinical biomarker.	response_association_exploratory	18	20
ICI_response	PRINCE_Padron2022	patient	38		innate_inflammatory_context	nivolumab-treated responder vs nonresponder	lower_in_responders	delta_median=-0.671146; adjusted_OR_per_1SD=0.626323; LOOCV_AUC=0.486111	0.311203	1.26053	0.164932	0.230904	best overall response	PDAC ICI response association	independent treatment-labelled PDAC cohort	arm-adjusted logistic; arm-stratified permutation sensitivity	Prespecified module-response association in PRINCE nivolumab-treated patients.	Small cohort; regimen-specific, observational association; no independent PDAC RNA replication; not a validated clinical biomarker.	response_association_exploratory	18	20
ICI_response	PRINCE_Padron2022	patient	38		innate_input	nivolumab-treated responder vs nonresponder	lower_in_responders	delta_median=-0.427652; adjusted_OR_per_1SD=0.474528; LOOCV_AUC=0.630556	0.2209	1.01936	0.0484522	0.113055	best overall response	PDAC ICI response association	independent treatment-labelled PDAC cohort	arm-adjusted logistic; arm-stratified permutation sensitivity	Prespecified module-response association in PRINCE nivolumab-treated patients.	Small cohort; regimen-specific, observational association; no independent PDAC RNA replication; not a validated clinical biomarker.	response_association_exploratory	18	20
ICI_response	PRINCE_Padron2022	patient	38		mTORC2_membrane_dynamics	nivolumab-treated responder vs nonresponder	lower_in_responders	delta_median=-0.40065; adjusted_OR_per_1SD=0.940324; LOOCV_AUC=0.1	0.492222	1.79636	0.650443	0.650443	best overall response	PDAC ICI response association	independent treatment-labelled PDAC cohort	arm-adjusted logistic; arm-stratified permutation sensitivity	Prespecified module-response association in PRINCE nivolumab-treated patients.	Small cohort; regimen-specific, observational association; no independent PDAC RNA replication; not a validated clinical biomarker.	response_association_exploratory	18	20
ICI_response	PRINCE_Padron2022	patient	38		membrane_cytoskeleton	nivolumab-treated responder vs nonresponder	lower_in_responders	delta_median=-0.474602; adjusted_OR_per_1SD=0.601976; LOOCV_AUC=0.463889	0.300059	1.20768	0.132166	0.230904	best overall response	PDAC ICI response association	independent treatment-labelled PDAC cohort	arm-adjusted logistic; arm-stratified permutation sensitivity	Prespecified module-response association in PRINCE nivolumab-treated patients.	Small cohort; regimen-specific, observational association; no independent PDAC RNA replication; not a validated clinical biomarker.	response_association_exploratory	18	20
ICI_response	PRINCE_Padron2022	patient	38		mitochondrial_oxidative	nivolumab-treated responder vs nonresponder	lower_in_responders	delta_median=-0.499005; adjusted_OR_per_1SD=0.405047; LOOCV_AUC=0.636111	0.182242	0.900246	0.0186007	0.0651023	best overall response	PDAC ICI response association	independent treatment-labelled PDAC cohort	arm-adjusted logistic; arm-stratified permutation sensitivity	Prespecified module-response association in PRINCE nivolumab-treated patients.	Small cohort; regimen-specific, observational association; no independent PDAC RNA replication; not a validated clinical biomarker.	response_association_exploratory	18	20
ICI_response	PRINCE_Padron2022	patient	38		myeloid_ecology	nivolumab-treated responder vs nonresponder	lower_in_responders	delta_median=-0.282597; adjusted_OR_per_1SD=0.59255; LOOCV_AUC=0.461111	0.29332	1.19704	0.225029	0.262534	best overall response	PDAC ICI response association	independent treatment-labelled PDAC cohort	arm-adjusted logistic; arm-stratified permutation sensitivity	Prespecified module-response association in PRINCE nivolumab-treated patients.	Small cohort; regimen-specific, observational association; no independent PDAC RNA replication; not a validated clinical biomarker.	response_association_exploratory	18	20
functional_in_silico	PRISM 19Q4 expression+drug	PDAC_cell_line	31		mitochondrial_oxidative state-selective screen	mito-low vs mito-high cell lines	low_state_more_sensitive_exploratory	n_candidates=0; top=none				see_output_table	PRISM log-fold-change	candidate drug prioritization	existing project PRISM data	median state split; compound-wise Wilcoxon with global BH FDR	Exploratory compounds show preferential inhibition in low mitochondrial-oxidative PDAC cell lines.	Cell-line association; no RICTOR specificity, ICI combination, patient benefit, or causal mechanism.	exploratory_drug_screen		
virtual_perturbation	GSE154778 scTenifoldKnk	single_cell	1160		RICTOR/AKT1/MYD88/SPP1 virtual knockout	WT network vs in-silico KO	myeloid_state_dominant	top_overlap=APOE;TYROBP;IL1B; no robust mitochondrial hit			see_output_table	see_output_table	scTenifoldKnk differential regulation	computational perturbation prioritization	existing GSE154778 single-cell data	network model; conservative myeloid cells; low-dimensional gene set	Virtual perturbations identify myeloid-state outputs but do not demonstrate target-specific mitochondrial reprogramming.	In-silico only; target outputs converge; no causal patient or ICI evidence.	virtual_perturbation_support		
ICI_response_model	PRINCE_Padron2022	patient	38		locked mitochondrial-inflammatory-myeloid response model	nivolumab-treated responders vs nonresponders	internal_prediction_only	LOO_AUC=0.597; bootstrap95=0.399-0.781; Brier=0.256	0.398772	0.780556			best overall response	candidate response stratification	independent treatment-labelled PDAC cohort	locked logistic model with treatment arm	Compact module-plus-arm model has feasibility-level internal discrimination.	No external validation; small sample; not a clinical classifier or predictive interaction.	internal_feasibility_model	18	20
ICI_response_model	PRINCE_Padron2022	patient	38		mitochondrial-only response model	nivolumab-treated responders vs nonresponders	internal_prediction_only	LOO_AUC=0.650					best overall response	candidate response stratification	independent treatment-labelled PDAC cohort	locked one-feature logistic model	The parsimonious mitochondrial-only model outperformed the larger module-plus-arm model in leave-one-out discrimination.	Internal estimate only; small cohort; no external validation; not a clinical classifier.	internal_feasibility_model	18	20
functional_in_silico	UniPert + PRISM 19Q4	PDAC_cell_line	2340		UniPert target-compound prioritization	unified cause-space cosine ranking	ranking_only	targets=6; compounds=2340					UniPert cosine similarity	candidate drug prioritization	existing PRISM chemical space; pretrained UniPert	none; similarity ranking with PRISM sensitivity join	UniPert provides a mechanistic target–compound ranking; the exploratory RICTOR/MTOR plus PRISM convergence filter prioritizes GSK2126458, PKI-179, PF-04691502, SB-2343, LY3023414.	Not full G2CP; no phenotype prediction, binding validation, ICI synergy or clinical benefit.	exploratory_unipert_prioritization		
functional_in_silico	L1000FWD API	query	3		locked mitochondrial-inflammatory reversal screen	three directional up/down gene-set queries	no_candidate_top50_opposite_hits	candidate_hits=0					L1000FWD opposite-signature ranking	drug perturbation directionality	public L1000FWD API	none; API ranking screen	None of the five candidate perturbagen IDs appeared in the returned top-50 opposite-signature lists for three directional module queries.	Absence from top-50 is not proof of no reversal; API cell, dose and time heterogeneity remain unresolved.	exploratory_l1000fwd_screen		
functional_in_silico	L1000FWD binary GMT	signature	1050		five UniPert candidate drug reversal screen	locked directional module signatures	no_robust_reversal	GSK2126458_primary_median=0.0; mean=-0.046511627906976744; other_candidates_missing					normalized overlap reversal score	drug perturbation directionality	public L1000FWD signatures	none; cross-cell/time aggregation	The four direct candidates other than GSK2126458 were absent from L1000FWD; mTOR/PI3K class surrogates were available but all had median primary reversal scores of 0, with weak and inconsistent means.	L1000FWD is mostly non-PDAC cell lines; absence of direct candidates is data missingness and surrogate results are class-level; no ICI endpoint.	exploratory_l1000fwd_gmt		
functional_in_silico	GSE84862	biological_replicate	4		SB-2343/VS-5584	OPM2; 123 nM; 24 h; DMSO vs treated	non_supportive	0					directional module reversal score	drug perturbation directionality	independent GEO mechanism cohort	limma; two replicates per arm	Directly matched SB-2343 GEO perturbation had zero FDR-supported genes and zero reversal; nominal sensitivity score 0.25 is unstable.	Multiple myeloma cell line, not PDAC or ICI; no immune/TME endpoint; n=2 per arm.	exploratory_negative		
functional_in_silico	GSE112445	biological_replicate	6		PF-04691502	MDA-MB-231-1833; PF1502 vs matched untreated	opposite_or_non_supportive	-0.25					directional module reversal score	drug perturbation directionality	independent GEO mechanism cohort	edgeR TMM; limma-voom; n=3 per arm	PF-04691502 increased the transcript-level mTORC2 module and did not produce a locked-module reversal; myeloid ecology decreased, but this is not a myeloid experiment.	Breast cancer cell line, no PDAC or ICI endpoint; transcript abundance is not pAKT activity.	exploratory_discordant		
functional_in_silico	GSE199800	cell_line_screen	4		LY3023414	DU145 and LNCaP; 24 h PLATE-seq vs unmatched DMSO		DU145=0; LNCAP=0					directional module reversal score	drug perturbation directionality	independent GEO mechanism cohort	edgeR TMM; limma-voom; unmatched multi-plate DMSO	No locked-module reversal in either cell line; treatment label is LY3023415 in the LNCaP count file while GEO titles state LY3023414.	Only two treated samples per cell line; unmatched controls and no PDAC/ICI endpoint; annotation discrepancy.	exploratory_null		
functional_in_silico	GSE262611	biological_replicate	6		gedatolisib (PKI-587 class surrogate)	MPFR; 3 control vs 3 treated	opposite_or_non_supportive	-0.666666666666667					directional module reversal score	drug perturbation directionality	independent GEO mechanism cohort	limma; target-gene annotation from GPL17586	Gedatolisib significantly reduced transcript-level mTORC2 components but also reduced the mitochondrial-oxidative module; net locked-module reversal was negative.	Gedatolisib is not PKI-179; breast-cancer cell line; no PDAC, immune, ICI, or clinical endpoint; transcript changes are not pAKT target engagement.	class_surrogate_discordant		
functional_in_silico	L1000FWD + GEO full-transcriptome connectivity	perturbation_dataset	4		PDAC_locked_tumor_state_v1	rank-based reversal of 20 prespecified core tumor-state genes	mixed	GEO reversal 0.026 to 0.350; GSE84862 z=2.65, GSE112445 z=0.19, DU145 z=1.15, LNCaP z=1.48; L1000 median=0 for all available compounds			GSE84862 empirical p=0.004; others >0.05 or unavailable		full-transcriptome rank connectivity	drug perturbation directionality	public L1000FWD/GEO perturbation data	rank normalization; permutation null; no cross-study batch correction	A complete locked-state rank analysis identifies one exploratory SB-2343/VS-5584 signal in non-PDAC OPM2 cells, while the remaining GEO contexts are weak or null and L1000FWD medians are zero. This supports experimental prioritization only, not stable drug reversal.	Non-PDAC cell lines, heterogeneous dose/time, low replicate counts, absent direct signatures for four candidates, and no ICI endpoint or target-engagement assay.	exploratory_mixed_not_validated		
ICI_response_external_audit	GSE179351; GSE78220; GSE91061; GSE115821; GSE317606	cohort	5	NA	Mito3 (BAX;BAK1;BID)	pre-treatment responder vs nonresponder	PDAC_same_direction_but_nonreplicated; cross-cancer_inconsistent	PRINCE is primary: delta=-0.499, p=0.0186; GSE179351 delta=-0.128, p=0.663; GSE78220 delta=0.038, p=0.864; GSE91061 delta=0.127, p=0.794	NA	NA	see effect_size	see ICI_response_validation_ledger.tsv	best overall response	external response audit	independent PDAC sensitivity and cross-cancer transportability cohorts	none in small GEO cohorts; prespecified locked score	No external PDAC RNA replication is established. The six-sample PDAC sensitivity cohort is directionally concordant but underpowered; cross-cancer cohorts are inconsistent. GSE317606 biliary cohort lacks a public response-to-sample crosswalk.	Small sample, disease/regimen heterogeneity, and response definitions; no predictive treatment interaction.	external_audit_nonconfirmatory	varies	varies
